COUNTYA,AQNFE001,AQO9E001,AQO9E002,AQO9E003,AQO9E004,AQO9E005,AQO9E006,AQO9E007,AQO9E008,AQO9E009,AQO9E010,AQO9E011,AQO9E012,AQO9E013,AQO9E014,AQO9E015,AQO9E016,AQO9E017,AQO9E018,AQO9E019,AQPZE001,AQPZE002,AQPZE003,AQPZE004,AQPZE005,AQPZE006,AQPZE007,AQPZE008,AQP5E001,AQP5E002,AQP5E003,AQP5E004,AQP5E005,AQP5E006,AQP5E007,AQP5E008,AQP5E009,AQP5E010,AQP5E011,AQP5E012,AQP5E013,AQP5E014,AQP5E015,AQP5E016,AQP5E017,AQP6E001,AQTOE001,AQTOE002,AQTOE003,AQTOE004,AQTOE005,AQTOE006,AQTOE007,AQTOE008,AQTOE009,AQTOE010,AQTOE011,AQTOE012,AQTOE013,AQUSE001,AQUYE001,AQUYE002,AQUYE003,AQUYE004,AQUYE005,AQUYE006,AQUYE007,AQUYE008,AQUYE009,AQUYE010,AQUYE011,AQU4E001,AQVWE001,AQVWE002,AQVWE003,AQVWE004,AQVWE005,AQVWE006,AQVWE007,AQVWE008,AQVWE009,AQVWE010,AQVWE011,AQVWE012,AQVWE013,NAME_M,AQNFM001,AQO9M001,AQO9M002,AQO9M003,AQO9M004,AQO9M005,AQO9M006,AQO9M007,AQO9M008,AQO9M009,AQO9M010,AQO9M011,AQO9M012,AQO9M013,AQO9M014,AQO9M015,AQO9M016,AQO9M017,AQO9M018,AQO9M019,AQPZM001,AQPZM002,AQPZM003,AQPZM004,AQPZM005,AQPZM006,AQPZM007,AQPZM008,AQP5M001,AQP5M002,AQP5M003,AQP5M004,AQP5M005,AQP5M006,AQP5M007,AQP5M008,AQP5M009,AQP5M010,AQP5M011,AQP5M012,AQP5M013,AQP5M014,AQP5M015,AQP5M016,AQP5M017,AQP6M001,AQTOM001,AQTOM002,AQTOM003,AQTOM004,AQTOM005,AQTOM006,AQTOM007,AQTOM008,AQTOM009,AQTOM010,AQTOM011,AQTOM012,AQTOM013,AQUSM001,AQUYM001,AQUYM002,AQUYM003,AQUYM004,AQUYM005,AQUYM006,AQUYM007,AQUYM008,AQUYM009,AQUYM010,AQUYM011,AQU4M001,AQVWM001,AQVWM002,AQVWM003,AQVWM004,AQVWM005,AQVWM006,AQVWM007,AQVWM008,AQVWM009,AQVWM010,AQVWM011,AQVWM012,AQVWM013
1,1663823,1611789,402474,25893,20723,16591,18324,18047,18251,18513,18608,16517,18202,18806,17503,19599,20952,102328,33617,1209315,1637215,77888,71955,39636,41669,60656,26162,1319249,585818,23324,16279,11815,13345,12677,12520,12285,11216,12699,24114,37041,58556,51722,44559,74078,169588,122488,585818,317451,208717,97470,8785,1856,623,268367,125080,110982,19452,10022,2831,2229,268367,9941,22565,33808,34561,30518,22852,15722,22545,64479,11376,999200,585818,225853,71390,29073,787,91598,12629,5915,1302,268367,119804,62391,11376,"Alameda County, California",,1188,2691,1231,936,970,982,932,986,864,863,1004,886,1000,776,839,1252,2057,1585,2821,747,3681,3604,2564,3053,3418,2567,7355,1633,1180,979,661,880,867,964,951,789,980,1160,1410,1877,1459,1400,1535,2336,1231,1633,2487,2604,1873,656,281,169,2186,2114,2385,1080,650,407,15,2186,797,1303,1528,1375,1220,1150,872,1453,1914,846,6699,1633,2251,1531,1135,197,1916,927,635,311,2186,2650,1863,846
3,1515,1423,356,44,9,6,7,34,10,0,23,15,20,19,8,24,17,88,32,1067,1515,91,117,20,50,84,78,1075,435,9,10,9,12,12,24,22,11,0,46,32,26,49,53,57,63,101125,435,360,283,75,1,1,0,75,36,32,7,0,0,,75,7,24,6,3,20,0,1,0,9,5,463900,435,163,36,21,0,197,21,5,0,75,10,9,5,"Alpine County, California",206,191,111,36,8,6,9,36,7,13,16,15,17,24,9,18,14,82,38,159,206,49,72,22,30,74,63,220,72,14,10,9,10,13,22,21,9,13,25,23,21,23,31,33,35,17442,72,65,57,42,2,3,13,34,24,25,10,13,13,,34,10,21,8,4,23,13,3,13,9,7,48254,72,59,26,22,13,48,17,10,13,34,9,9,7
5,40577,39599,8002,275,488,160,328,179,666,377,485,179,277,436,447,532,830,2199,144,31597,37571,1662,1283,1067,1531,1775,550,29703,15745,880,492,411,523,540,455,489,743,636,1349,1366,2313,1418,1208,1583,1339,74853,15745,12440,9674,2515,207,37,7,3305,2113,1010,94,88,0,1257,3305,26,198,390,396,348,363,348,353,465,418,409600,15745,7837,3061,1481,49,4603,743,407,84,3305,1456,465,418,"Amador County, California",,128,489,125,170,89,122,83,148,112,145,83,109,158,113,135,212,379,85,457,61,419,388,390,577,510,289,905,433,297,179,148,144,186,180,176,268,193,355,327,414,310,284,380,265,6048,433,554,544,417,90,33,11,453,398,251,66,76,28,93,453,40,116,186,173,151,198,212,144,152,250,14658,433,547,415,335,50,447,218,181,51,453,278,152,250
7,213605,206855,58722,2433,2731,2103,2395,2622,2390,2294,2115,1943,2611,2447,2556,2397,3000,22220,2465,148133,208718,18633,19382,10456,10427,11546,4579,133695,83319,4936,3741,3431,3768,4068,3772,3452,3093,2966,5469,7031,10426,7871,5137,6571,7587,66085,83319,48424,36497,10705,909,224,89,34895,20331,12640,1391,507,26,1280,34895,1212,2000,3397,3645,3839,2571,2397,3490,9811,2533,371600,83319,28897,8632,3434,165,19527,2760,1181,539,34895,17795,9512,2533,"Butte County, California",,379,1239,328,408,389,403,447,482,291,333,418,346,409,283,316,422,1128,447,1264,256,1280,1662,1513,1579,1184,696,2962,903,540,603,395,489,530,437,539,402,414,595,572,700,625,634,641,685,2261,903,1087,895,642,219,115,55,1363,1244,842,358,185,32,32,1363,339,360,529,484,638,439,399,418,742,443,6760,903,1013,633,489,100,924,361,249,228,1363,907,725,443
9,45674,44541,7597,267,411,491,520,490,315,435,272,444,215,472,605,491,422,1556,191,36944,45223,2566,3349,1059,2715,2325,747,32462,17198,768,520,498,575,664,679,489,782,557,1179,1601,2546,1812,1116,1610,1802,77526,17198,14114,11103,2786,160,51,14,3084,1798,1169,100,9,8,1621,3084,307,98,312,261,210,309,373,231,696,287,404200,17198,8309,3551,1666,46,5805,1314,572,115,3084,1557,683,287,"Calaveras County, California",,160,530,141,172,189,172,180,150,176,123,142,116,186,144,202,150,304,136,536,121,616,802,490,862,785,397,1571,559,222,174,186,183,180,184,170,214,191,262,334,488,276,274,350,353,3875,559,613,530,394,101,50,17,420,343,261,91,14,13,110,420,215,75,141,101,100,132,176,117,205,139,18018,559,677,461,353,63,465,249,176,96,420,346,203,139
11,21811,21090,5596,283,357,302,345,350,281,422,303,277,293,387,426,309,327,828,106,15494,21600,565,1799,1358,1161,1916,394,14407,7432,312,237,297,378,362,330,392,260,232,495,662,1233,559,467,655,561,69619,7432,4686,3299,1237,110,36,4,2746,1141,1371,174,37,23,1061,2746,308,199,260,520,198,204,219,180,404,254,360100,7432,2648,881,407,25,2038,315,44,43,2746,969,369,254,"Colusa County, California",,119,250,91,110,117,136,157,108,168,99,116,158,167,89,137,107,183,58,241,66,212,543,465,437,556,272,896,182,116,129,130,142,119,123,229,103,92,159,159,201,125,130,185,198,5745,182,275,306,225,68,40,6,285,231,219,101,38,26,73,285,161,89,83,213,98,102,95,79,122,92,16259,182,302,252,236,29,213,135,36,35,285,177,111,92
13,1162648,1125078,291746,16319,14450,14262,13327,13796,14089,14359,15101,14751,14446,15774,15895,17023,18055,66246,13853,833332,1153216,50386,44869,27487,32679,40568,20303,936924,408537,13696,9877,6868,7518,8689,8232,9368,8575,9055,18082,25691,43813,42368,33886,53204,109615,120020,408537,274388,197534,69716,5414,1079,645,134149,63819,54611,9429,4406,1884,2234,134149,3941,8537,14915,16674,13974,11714,10000,13799,33852,6743,787300,408537,198589,66150,27610,744,75799,10615,5672,785,134149,66991,32897,6743,"Contra Costa County, California",,945,2462,947,1034,1039,903,1024,808,963,899,962,935,955,737,885,1112,2003,920,2346,619,3741,3262,2983,3318,3422,2946,7265,1056,1073,971,732,709,965,732,880,889,699,1110,1506,1728,1494,1437,1796,1739,1496,1056,2473,2353,1944,559,244,251,2301,2167,1854,889,740,360,21,2301,528,783,1256,1151,987,1066,873,1096,1420,768,7496,1056,2634,1894,1438,205,1811,736,584,155,2301,2054,1427,768
15,27462,26823,6369,465,158,354,262,584,216,467,281,310,334,266,438,357,914,849,114,20454,25096,1657,1928,1527,1239,1749,511,16485,9530,313,761,503,373,356,451,335,323,557,679,922,1165,949,638,764,441,61149,9530,6492,4811,1540,108,18,15,3038,1648,1249,138,0,3,1146,3038,120,162,238,262,510,219,213,188,883,243,282500,9530,2918,650,286,0,3574,505,100,20,3038,1441,863,243,"Del Norte County, California",,114,412,173,91,167,116,224,100,142,122,149,127,114,124,95,295,229,78,398,148,540,443,476,396,486,174,825,265,135,253,166,140,126,137,145,141,173,166,221,212,222,193,254,138,4376,265,369,300,271,83,32,25,334,291,231,79,25,7,69,334,72,104,105,112,164,115,103,110,224,129,26102,265,333,172,100,25,360,187,48,23,334,290,223,129
17,191713,187256,41149,2622,2555,1639,1943,1652,2290,2189,2174,1916,2202,2318,2493,2472,2731,8174,1779,146107,190326,7277,9087,4793,4862,6937,3195,154175,75190,2808,1919,2331,1940,2063,1926,1874,1699,2258,3757,6236,9015,7995,6001,8180,15188,99246,75190,57235,45019,11334,613,177,92,17955,10448,6670,536,153,148,1597,17955,776,1492,1590,1823,1940,1599,958,1843,4811,1123,597600,75190,38443,12614,5085,242,18792,2993,1689,201,17955,8834,4745,1123,"El Dorado County, California",,301,1022,395,384,260,305,270,364,360,308,318,355,331,347,304,352,729,365,1003,227,993,1611,967,1038,930,805,2298,847,425,394,415,402,438,380,336,344,379,476,608,636,628,555,625,792,3330,847,1031,1143,812,196,112,79,944,847,553,195,95,106,57,944,252,344,346,371,280,324,250,415,613,266,11376,847,1074,875,446,101,947,415,292,126,944,758,603,266
19,1008280,967154,298774,13844,17328,15239,14294,15640,16034,17344,16568,14687,16693,16291,14587,15727,19175,63689,11634,668380,990821,85959,107716,54289,56926,70812,33388,581731,318322,19751,14293,11964,13008,14102,12739,12724,11024,12371,22315,29341,40104,30001,21836,25310,27439,67756,318322,172455,110859,52146,7058,1724,668,145867,59746,61978,12094,7167,4882,1207,145867,5696,10401,15658,16046,14298,12365,9819,13543,38249,9792,338200,318322,117663,34226,15318,807,54792,7152,3340,808,145867,71614,37413,9792,"Fresno County, California",,1254,2857,1225,999,998,1091,971,1064,1159,1153,976,897,1082,901,1012,1234,2033,1021,2889,897,4397,5421,3997,4362,4375,3188,7795,1104,1075,959,918,914,1096,838,941,837,895,1255,1404,1325,1300,1294,1375,1239,967,1104,2206,1741,1512,637,305,184,2240,1651,1885,786,760,623,14,2240,682,976,1125,1136,926,1085,848,1147,1532,768,3186,1104,1955,1391,1027,228,1738,605,471,309,2240,1847,1591,768
21,28657,27371,6785,353,198,532,319,259,434,359,438,414,682,276,540,378,683,843,77,20586,28422,2201,2134,1576,1447,2132,1546,17386,9742,396,564,347,395,514,386,302,579,409,709,1109,1260,915,707,743,407,64033,9742,5906,4054,1713,55,79,5,3836,2096,1478,241,13,8,978,3836,105,576,420,286,488,217,121,372,768,483,295400,9742,3465,1133,724,8,2441,373,249,0,3836,1429,768,483,"Glenn County, California",,306,339,162,100,145,103,89,119,135,147,205,171,120,148,116,189,222,55,485,37,688,501,580,540,540,995,1087,209,146,174,143,162,158,139,120,224,155,180,245,243,198,185,167,104,3963,209,370,325,307,55,85,9,406,334,248,127,17,15,78,406,58,224,209,115,206,111,78,128,199,160,16334,209,364,243,209,9,273,126,120,25,406,243,199,160
23,136132,132462,32833,1386,1808,1322,1347,1715,1528,1489,1259,1248,1389,1651,1286,1290,1432,10979,1704,99629,133139,12803,13591,6217,7045,8212,4164,81107,54495,3665,3007,2328,2497,2830,3039,2126,2802,2041,3749,4815,6503,4838,3327,3396,3532,57881,54495,30965,23427,6635,527,347,29,23530,14454,7715,750,519,92,1191,23530,708,1344,2002,2306,1970,2004,1552,2636,7453,1555,386000,54495,16979,6399,2334,177,13986,2004,992,322,23530,13251,7332,1555,"Humboldt County, California",,344,982,306,419,243,276,302,282,255,262,270,297,328,242,239,327,779,399,1017,299,1183,1262,1001,1224,1212,908,2155,612,447,454,430,380,422,458,352,444,346,465,494,601,467,428,418,372,2131,612,928,874,522,146,164,41,1036,929,635,231,180,68,30,1036,168,269,378,378,409,399,378,440,704,350,7402,612,879,607,358,137,882,432,248,161,1036,916,706,350
25,179578,172452,54972,2882,2436,2687,2437,2787,3099,3182,2786,2901,2837,3466,3234,2881,4645,11569,1143,117480,171450,16519,19573,12458,12295,12163,6471,91971,47024,3493,2440,3222,2651,2169,1948,1795,2460,1997,3468,3687,5221,5003,3103,1999,2368,53847,47024,27122,15699,9651,1189,278,305,19902,8239,9024,1718,745,176,961,19902,906,1693,1604,1898,2442,1839,1543,1537,5146,1294,256000,47024,16364,5661,2543,71,10758,1327,505,100,19902,9635,5006,1294,"Imperial County, California",,712,1279,550,547,627,401,647,722,544,625,520,463,521,590,545,656,1006,323,1295,281,2121,2456,2407,1891,1700,1292,4007,737,503,412,603,553,374,306,361,494,454,469,522,587,670,488,335,415,2214,737,1073,856,848,303,131,158,1067,795,918,409,287,99,30,1067,214,331,355,384,548,382,389,331,689,310,7742,737,903,617,512,47,732,318,153,61,1067,805,683,310
27,18829,18311,3730,156,196,219,155,220,382,180,255,248,267,164,374,134,109,592,79,14581,18434,1220,979,889,541,989,811,13005,7849,432,422,342,327,258,281,458,333,387,410,853,1082,582,512,522,648,63417,7849,5178,4106,973,68,27,4,2671,1954,657,32,27,1,1131,2671,457,200,346,174,191,378,92,135,400,298,325900,7849,2113,716,416,7,3065,605,299,135,2671,946,388,298,"Inyo County, California",,116,253,81,107,95,71,95,114,68,118,82,145,77,119,76,58,191,49,237,136,424,253,269,203,333,355,611,199,169,132,119,91,85,130,133,109,145,120,187,225,143,156,151,185,5453,199,311,318,183,50,29,8,263,259,178,21,32,3,82,263,191,80,136,83,88,157,48,86,138,86,34812,199,196,138,102,12,283,173,122,122,263,198,135,86
29,906883,869744,265678,11060,14159,14566,14354,14347,14339,15617,14845,15763,14948,14785,15751,14452,18025,49629,9038,604066,881217,68382,101631,56811,56707,68459,27192,502035,277499,14927,14128,10874,12247,14516,11648,10634,11948,10352,20815,25353,34860,26270,17173,20358,21396,63883,277499,165473,101729,53402,7927,1602,813,112026,48963,46735,10642,4482,1204,1161,112026,2882,8691,11201,12030,11650,9224,8131,11466,29157,7594,282800,277499,110729,35853,14909,687,54744,7991,3524,1231,112026,55815,28319,7594,"Kern County, California",,1168,2678,1080,1189,974,1150,1120,1037,1076,1050,1199,1015,1048,958,962,1024,1977,918,2769,1062,4832,5387,4394,4666,4075,2597,7362,1252,950,1260,853,1015,1269,925,1037,1040,898,1089,1679,1510,1472,1133,1085,1393,1325,1252,2165,2004,1715,762,328,202,2085,1845,2025,866,638,319,13,2085,536,883,1163,1015,901,858,981,1111,1399,847,2883,1252,2156,1691,1065,211,1849,835,483,313,2085,1973,1368,847
31,152515,145922,43331,1541,2252,2043,1993,2009,2447,2571,3103,2144,2097,2048,2408,2532,3828,9091,1224,102591,139603,10398,12236,7681,8460,11938,5424,83466,43594,2298,1005,1605,1463,1792,1493,1877,1985,2156,3137,4948,6388,4662,2665,3534,2586,68540,43594,23924,14060,8437,1056,256,115,19670,8618,8854,1558,480,160,1201,19670,518,2186,2162,3046,2185,1818,1139,1632,3936,1048,281400,43594,16194,4940,1800,38,7730,1030,404,79,19670,8140,3815,1048,"Kings County, California",,373,950,280,436,346,353,395,431,371,400,397,367,367,318,366,397,798,276,954,355,1306,1813,1564,1288,1704,1224,2444,511,395,222,317,303,358,269,380,390,413,513,634,596,542,343,506,397,2253,511,898,632,700,217,120,102,826,667,802,368,176,110,31,826,182,463,397,469,389,348,261,374,621,204,7435,511,828,562,295,48,576,204,117,59,826,697,612,204
33,68024,65834,14099,642,947,853,708,667,643,685,778,608,1038,949,954,677,987,2329,634,51735,66691,5065,6000,3314,4638,3964,1956,41754,26487,1468,1359,1474,1098,1138,1425,1399,1073,1257,2636,2090,3041,2036,1419,1616,1958,56259,26487,18420,13442,4321,447,137,73,8067,4438,3191,240,91,107,1206,8067,215,580,879,800,971,468,795,603,1966,790,291300,26487,9938,3836,1704,71,8482,1749,676,37,8067,3821,1886,790,"Lake County, California",,265,661,241,284,291,222,187,216,219,214,193,238,234,216,198,203,471,273,666,316,729,1041,871,963,668,398,1498,550,268,280,324,219,259,323,362,274,304,396,333,477,308,248,307,372,2439,550,648,637,503,172,106,69,594,507,458,115,72,107,78,594,90,214,329,269,260,213,258,195,309,188,10508,550,755,528,314,74,612,316,184,40,594,491,306,188
35,31873,30947,5216,219,292,336,284,300,307,271,310,246,238,262,443,311,368,962,67,25731,23931,1878,1767,903,1088,1740,1129,15426,8925,514,258,423,324,440,502,636,205,465,744,855,1023,962,572,578,424,59515,8925,6131,4802,1233,74,22,0,2794,1681,980,86,37,10,1038,2794,247,246,221,402,278,195,147,219,639,200,233100,8925,3281,872,343,21,2850,519,261,24,2794,1161,568,200,"Lassen County, California",,138,314,100,97,98,100,101,99,110,116,80,78,94,99,99,138,225,38,361,224,486,449,287,366,518,356,878,269,146,75,136,100,116,176,180,70,121,181,148,186,150,125,172,152,3551,269,251,263,216,40,18,28,309,271,159,50,27,13,67,309,105,101,93,113,115,82,63,150,156,77,13058,269,290,184,117,28,264,153,105,20,309,213,143,77
37,9936690,9624274,2482311,131466,116876,103958,105857,115128,116030,116688,119611,120224,118623,126287,123284,125017,141672,644395,157195,7141963,9782602,613408,730570,440057,438735,618378,265962,6675492,3363093,175325,131939,96987,112130,112246,108597,102732,106157,102280,206730,278867,411710,333917,252155,329974,501347,83411,3363093,1552164,963923,497574,63929,18349,8389,1810929,778015,751251,149488,93704,38471,1805,1810929,49720,116097,178647,199662,191683,161490,120923,176809,526945,88953,732200,3363093,1073905,438053,203953,7759,478259,77165,39991,7656,1810929,950953,512360,88953,"Los Angeles County, California",,3111,7803,2872,2814,2735,2434,2882,2539,2432,2629,2334,2255,2239,2298,2126,2366,6408,3319,8101,2090,10746,13889,9517,8366,12070,8173,23150,4811,3382,2736,2376,2598,2624,2214,2843,2732,2449,3319,4384,4586,4201,3603,4525,5338,439,4811,9893,6944,4878,1774,937,562,8053,5831,7371,2897,2395,1615,5,8053,1902,2692,3054,3039,4201,3559,2842,3371,6180,2422,1912,4811,7393,4285,3007,677,5444,2260,1589,647,8053,7725,6172,2422
39,157243,150909,47837,2070,2812,2245,2446,2082,2524,2379,2502,2190,2655,2761,2440,3103,4414,10035,1179,103072,150314,11501,18653,8468,7779,10768,4902,88243,43857,2167,1494,1742,1549,1533,1891,1646,1987,1225,3016,4101,6897,4200,3213,3615,3581,73543,43857,28719,18122,8939,1095,445,118,15138,5272,6739,2149,609,369,1185,15138,455,1225,1960,1531,1527,1470,825,1133,3574,1438,340300,43857,19209,6569,2993,162,9510,1232,662,166,15138,6801,3502,1438,"Madera County, California",,469,1122,393,519,467,396,354,404,372,374,406,462,443,330,445,575,912,348,1203,243,1735,2478,1715,1561,1759,1227,3181,598,376,347,334,312,352,453,328,389,231,419,494,729,450,430,468,495,2844,598,913,748,698,249,176,65,813,640,627,408,181,183,46,813,194,379,513,289,339,378,287,279,519,332,7289,598,808,574,403,107,658,273,191,97,813,647,516,332
41,260485,253612,58997,3785,3067,2697,2096,3007,2708,2879,2830,3035,3331,3313,3640,3644,3656,12353,2956,194615,255793,8647,9162,4229,4678,11158,2459,215460,103709,3362,2022,1831,1923,1741,1733,1996,2165,2514,4190,5628,9842,8449,6543,12382,37388,142019,103709,66444,53087,12686,355,286,30,37265,22604,10960,2049,1136,516,2487,37265,1748,2495,3781,4226,4587,3119,2581,3510,9305,1913,1291800,103709,45126,16228,7027,240,21318,4106,2392,311,37265,17771,9082,1913,"Marin County, California",,393,1201,458,441,384,330,425,370,415,413,409,428,409,339,376,381,918,461,1117,264,1124,1167,674,1054,1707,735,2253,626,583,359,357,338,311,329,331,379,487,566,585,808,703,642,801,1073,4098,626,1220,1075,708,151,155,40,1251,1176,718,324,322,208,66,1251,373,365,490,583,643,474,460,464,729,319,31343,626,1109,862,541,138,981,476,361,114,1251,1027,714,319
43,17130,16844,3068,115,275,179,148,352,130,237,153,71,159,172,122,145,212,447,151,13776,16960,1538,1174,783,647,959,621,11238,7597,373,346,248,230,510,542,259,446,150,693,857,866,581,460,623,413,60021,7597,5604,4594,920,84,6,0,1993,1090,703,161,39,0,1134,1993,106,102,211,126,210,148,131,338,393,228,335900,7597,2808,1028,546,0,2796,325,104,50,1993,1010,393,228,"Mariposa County, California",,66,267,80,141,65,59,150,65,88,65,53,142,111,73,76,104,173,115,258,71,406,388,359,303,342,235,667,277,132,169,107,106,201,229,136,136,80,163,249,203,131,165,185,143,5293,277,287,310,244,60,10,21,234,205,228,78,54,21,70,234,57,75,116,87,103,99,86,141,128,165,14319,277,309,224,181,21,290,141,61,58,234,178,128,165
45,91145,88380,19985,1014,1489,1272,914,1169,1283,1079,840,825,1144,1076,1332,1091,989,3585,883,68395,89649,5725,8758,3291,4998,7264,1838,57775,34557,1760,2092,1571,1646,1593,1413,1314,1429,1456,2594,3406,4242,2752,2575,2287,2427,61335,34557,21044,15297,5175,352,180,40,13513,7776,4601,763,369,4,1240,13513,392,957,1146,1467,1549,1230,1023,1462,3113,1174,463700,34557,10442,4065,2032,71,10602,2003,1087,286,13513,6621,3014,1174,"Mendocino County, California",,258,727,245,354,328,243,268,272,284,225,243,296,306,259,238,246,553,278,711,231,955,1298,614,1006,1236,466,1938,536,385,314,374,281,316,274,318,349,303,416,450,486,380,403,364,326,2198,536,698,741,514,157,73,43,779,672,516,224,156,7,49,779,132,257,246,308,316,295,283,372,525,246,13959,536,693,491,329,59,630,354,273,167,779,663,516,246
47,282290,270222,86235,3620,4893,4395,4255,4218,4560,4661,5254,4661,4556,4935,4882,4196,5736,19283,2130,183987,276803,22410,28862,16794,14880,21874,9748,162235,82760,4584,3197,3130,3725,3314,3999,2972,3094,3612,6944,8562,12255,7846,5171,4956,5399,64772,82760,44156,27505,14129,1859,471,192,38604,17490,16475,2982,1096,561,1200,38604,1286,3573,4380,4592,4860,3044,2342,3208,8142,3177,342300,82760,28838,9718,4038,218,15318,2100,1058,334,38604,15930,7907,3177,"Merced County, California",,506,1187,519,526,437,518,490,557,518,669,583,584,558,467,457,614,1063,375,1089,366,2439,3049,2286,1915,2286,1906,4295,585,605,447,432,541,497,553,435,480,519,665,737,1016,670,585,567,590,2142,585,1122,847,878,406,175,91,1100,1055,952,395,291,171,22,1100,299,538,584,502,701,445,488,432,718,461,6680,585,916,726,463,123,854,383,309,181,1100,1007,710,461
49,8651,8387,1650,69,112,141,84,82,111,70,55,134,66,97,115,46,161,244,63,6737,8464,821,609,459,416,841,255,5063,3403,167,65,253,188,127,202,140,258,148,390,318,511,292,113,129,102,54962,3403,2557,2120,382,55,0,0,846,541,285,20,0,0,796,846,52,96,41,77,92,26,23,100,178,161,184900,3403,975,242,121,9,1582,109,84,33,846,319,178,161,"Modoc County, California",,54,194,41,71,85,47,44,58,47,50,62,49,47,53,34,85,102,50,181,55,376,286,259,132,347,216,502,223,80,39,97,82,70,132,80,105,59,133,111,145,97,57,61,53,5389,223,207,168,114,40,19,19,213,160,101,23,19,19,58,213,46,54,38,44,72,29,28,65,83,88,14384,223,183,103,85,18,189,61,56,32,213,115,83,88
51,13219,12842,2542,129,236,88,2,63,146,218,83,250,99,229,293,56,96,523,31,10300,13095,917,561,302,267,766,280,10002,5473,162,165,34,283,75,190,121,97,115,921,403,703,869,509,306,520,82038,5473,3743,2799,784,160,0,0,1730,1176,457,67,30,0,1259,1730,59,49,162,620,184,198,0,18,150,290,496800,5473,2531,1051,228,0,1212,357,334,39,1730,271,150,290,"Mono County, California",,121,353,77,110,109,5,51,112,98,69,140,80,166,147,87,52,197,38,313,9,334,337,128,194,390,282,670,393,82,67,31,156,66,121,86,58,95,416,171,261,270,261,154,179,15388,393,356,373,215,133,21,21,294,251,208,73,47,21,312,294,43,58,163,271,137,130,21,26,110,142,53338,393,365,366,117,21,212,177,180,61,294,150,110,142
53,437609,421627,121319,5306,6259,5922,5923,6867,5840,6092,6374,6197,6151,6882,7895,5518,8401,25841,5851,300308,421244,21554,30359,19823,18657,31071,12860,286920,130973,3631,3227,2690,3989,4336,3994,3817,4225,4510,7885,11409,18415,15447,10242,13801,19355,91043,130973,68359,43242,19846,3997,811,463,62614,24089,25353,8750,3187,1235,1873,62614,1643,4204,6417,7156,7687,6421,4611,6242,15497,2736,683700,130973,44438,15112,6783,182,23921,3282,1436,223,62614,31322,15107,2736,"Monterey County, California",,848,1500,561,600,575,733,650,597,624,650,550,663,635,605,481,748,1222,587,1649,599,2297,3082,2139,2247,3204,2097,4687,703,404,467,322,467,621,527,447,501,577,661,769,1065,1073,742,815,915,1900,703,1208,1208,957,556,216,169,1189,1192,1287,681,576,345,26,1189,344,529,660,716,792,732,452,652,913,439,9111,703,1214,785,531,84,939,395,234,101,1189,1219,919,439
55,137384,133768,32187,1667,1348,1173,1258,1430,1450,1517,1787,1977,1678,1698,1865,1797,1995,8083,1464,101581,134649,4713,5907,3230,5087,6489,2067,107156,49218,1664,1122,876,821,1426,1382,1309,1051,1463,2901,3520,5343,5784,4292,6130,10134,105809,49218,32076,24067,6947,769,198,95,17142,8415,6609,1531,462,125,2037,17142,380,1032,1732,2594,1888,1616,1223,1726,4101,850,794500,49218,20273,7536,3394,150,11803,1832,909,143,17142,8322,3940,850,"Napa County, California",,266,698,288,249,274,266,261,229,264,229,308,278,268,256,235,257,494,255,700,330,676,942,872,1226,1036,605,2090,530,286,240,231,158,298,275,261,254,292,432,385,419,485,420,404,584,2981,530,704,610,403,166,86,63,756,546,533,283,171,71,58,756,130,217,349,302,313,300,262,343,459,193,15664,530,697,477,323,103,631,275,183,68,756,664,452,193
57,102322,99613,17867,993,1058,614,1068,884,745,1185,904,1197,1078,1056,937,836,1553,2889,870,81746,101291,4724,5781,3469,3646,5692,2123,75856,41415,1888,1387,1204,1614,1637,1422,1188,1487,1546,2412,3800,5120,4312,2807,4003,5588,79395,41415,31000,24153,6518,230,78,21,10415,6938,3234,181,62,0,1487,10415,255,587,1018,985,1145,838,494,1066,3294,733,559700,41415,18965,8310,3848,61,12035,2707,1353,288,10415,5506,3264,733,"Nevada County, California",,205,617,217,308,184,237,245,183,249,238,270,305,232,208,186,274,399,213,592,102,843,905,859,927,1299,562,1876,733,375,309,325,363,344,310,275,333,432,378,501,543,478,427,433,444,3823,733,832,680,604,102,56,27,677,609,502,94,64,31,80,677,97,172,294,266,319,201,220,242,489,213,13507,733,835,707,540,51,715,458,336,143,677,581,488,213
59,3175227,3075256,837989,49323,36935,34915,35091,35259,35357,37203,39056,40250,42162,40062,41372,41207,45688,231517,52592,2237267,3137483,157479,146331,100808,102043,150323,62386,2418113,1066286,44340,24785,20093,24925,24692,25833,24530,24822,25688,52852,75625,120580,113147,91587,134587,238200,109361,1066286,602959,410080,169338,17304,4631,1606,463327,195687,198050,41164,21904,6522,2248,463327,12262,27373,47711,54415,52788,42991,31190,43296,128866,22435,862900,1066286,413691,145043,61975,2403,189268,27678,15500,3037,463327,236693,125589,22435,"Orange County, California",,2147,4042,1979,1497,1338,1294,1407,1479,1915,1578,1512,1717,1803,1254,1518,1700,3829,1933,4372,962,5281,5509,5157,4756,5834,4205,11848,2681,1596,1370,1026,1251,1297,1249,1123,1208,1372,2049,1973,2813,2977,2377,3049,2966,882,2681,4762,4162,2725,982,440,314,4408,3539,3932,1622,1237,683,9,4408,1124,1345,1875,1710,1886,1634,1486,1669,2987,1660,3353,2681,4245,2837,2045,358,2911,1217,1065,405,4408,3612,2970,1660
61,406608,395486,97072,5725,5289,4291,4552,5404,5104,5000,5445,5431,5229,5291,5465,5771,5476,19647,3952,298414,403083,14004,13442,8005,8905,13518,7421,337788,152537,5101,2998,3304,3510,4326,3649,3835,3713,3512,6950,11580,17076,17346,13152,19646,32839,109375,152537,112597,87314,23996,1028,183,76,39940,23694,14318,1237,601,90,1874,39940,773,2531,4229,4925,4322,3767,2892,3939,10264,2298,627100,152537,78677,24128,9402,519,33920,5334,2810,449,39940,19955,9999,2298,"Placer County, California",,506,1436,552,509,416,476,561,560,544,602,479,541,469,463,520,553,935,502,1350,237,1470,1550,1282,1173,1721,1239,3494,841,656,441,444,442,626,500,484,487,595,575,714,903,1051,815,968,1251,1856,841,1337,1558,985,237,96,83,1202,1066,842,266,186,58,40,1202,218,350,505,489,483,458,385,508,715,358,3767,841,1530,1215,889,214,1208,559,432,211,1202,897,704,358
63,19650,19163,3375,110,190,280,208,145,95,245,288,174,184,0,286,126,225,726,93,15788,19331,978,1123,856,519,1273,575,14007,8104,461,203,322,306,233,377,281,478,308,614,761,1087,875,433,561,804,67885,8104,6023,4991,959,73,0,0,2081,1189,747,94,51,0,1102,2081,258,200,215,180,226,171,93,92,442,204,310100,8104,3455,897,385,0,2568,327,167,74,2081,791,442,204,"Plumas County, California",,119,250,64,123,113,89,102,66,109,120,84,110,21,113,78,139,182,60,250,43,304,417,324,196,471,347,719,289,149,76,148,134,106,183,112,159,104,196,196,228,209,170,181,219,7772,289,298,390,272,47,21,21,291,267,176,66,55,21,128,291,131,91,119,99,90,99,80,53,164,124,20601,289,295,162,112,21,291,134,83,60,291,225,164,124
65,2429487,2346260,652316,24945,30226,31058,30211,32138,34509,33206,35550,34317,35900,36307,35854,37620,40109,152903,27463,1693944,2392682,121393,151039,97483,101144,161696,66300,1693627,749976,31703,20909,21573,24094,24914,24597,23777,23279,24768,47826,66338,99965,83206,62380,78407,92240,84505,749976,513821,334906,152648,20226,4191,1850,236155,108818,98106,19006,7343,2882,1711,236155,5341,14124,23879,26914,22455,23392,17319,24984,64727,13020,462900,749976,356027,130155,56146,2497,157794,27556,12952,2857,236155,124488,62797,13020,"Riverside County, California",,1533,4319,1313,1431,1419,1632,1517,1598,1582,1379,1499,1522,1735,1419,1423,1421,3512,1833,4404,1155,4492,7445,5704,5917,6513,4075,11388,2293,1427,1313,1262,1295,1379,1458,1240,1213,1193,1711,2057,2565,2701,1853,2226,2545,1061,2293,3320,3402,2881,1160,587,334,2849,2634,2200,1204,827,567,16,2849,600,963,1510,1416,1272,1425,1113,1186,2193,982,2197,2293,3467,2715,1878,367,2661,1144,816,467,2849,2920,2141,982
67,1579211,1524978,405174,19837,20795,18627,18732,19037,21369,19653,21033,19888,21544,20453,21803,19916,24090,97314,21083,1119804,1560173,99114,105274,59904,62314,88657,38026,1106884,563856,25309,19284,15614,17156,16317,17778,17346,18200,18216,36166,51225,76576,60483,46419,58732,69035,84010,563856,328664,231376,87076,7579,2002,631,235192,124232,88837,14055,6276,1792,1599,235192,5652,16264,25882,28081,25157,20950,17284,23482,61279,11161,465900,563856,230375,70365,27489,895,98289,12377,6606,1137,235192,117999,59394,11161,"Sacramento County, California",,1164,2658,1142,1171,991,1008,953,994,1054,1151,984,1052,1090,1036,1038,1256,2616,1194,2847,860,4856,5418,3601,4214,4652,3188,9404,1293,1224,1116,1133,1080,999,1024,970,1100,1041,1517,1766,2136,1628,1679,1803,1829,816,1293,3225,2879,1882,683,335,149,3136,2860,2468,1089,671,343,13,3136,638,1126,1484,1463,1277,1187,1309,1337,2298,903,2501,1293,3337,2067,1237,247,2381,851,684,238,3136,2533,2280,903
69,64753,62343,17136,935,761,908,826,741,1026,1003,1032,1069,1036,1090,930,1041,958,3164,616,45207,64339,2192,2640,2282,2128,2842,1942,50313,19852,436,395,360,229,441,429,452,674,533,1196,1767,2674,1931,2112,2626,3597,104451,19852,13087,8492,4071,381,112,31,6765,2741,3167,609,197,51,1830,6765,270,535,914,704,829,621,450,693,1401,348,703200,19852,9756,4051,1344,49,3331,508,170,19,6765,3018,1369,348,"San Benito County, California",,207,563,229,207,199,210,164,238,283,255,263,263,286,210,220,263,355,202,488,192,542,882,838,669,904,651,1592,157,134,162,108,89,154,143,173,201,147,242,346,339,292,330,389,385,5461,157,478,442,377,154,75,31,502,371,393,180,162,58,73,502,116,203,193,192,214,167,174,201,276,156,16996,157,494,355,234,40,286,142,68,17,502,364,274,156
71,2180563,2097788,610205,26867,29117,30820,28224,31214,31321,32617,32458,31899,31089,33306,34148,33479,36079,139844,27723,1487583,2135785,136306,157940,99538,107858,150650,64820,1418673,659928,28540,23004,19055,21967,24703,23957,22156,23176,22820,44148,66430,88402,73125,50966,64070,63409,77423,659928,403105,244127,135042,17487,4667,1782,256823,110348,110470,23936,9317,2752,1584,256823,6487,14838,25680,29019,27788,23427,17446,26804,72807,12527,438000,659928,282198,99353,40167,1217,120907,16396,7767,1674,256823,134680,70841,12527,"San Bernardino County, California",,1615,4048,1474,1379,1429,1380,1538,1427,1531,1656,1476,1540,1690,1309,1498,1400,3012,1671,4193,1303,5341,6814,5497,5667,5708,4929,12207,1852,1372,1345,1233,1334,1345,1318,1319,1577,1213,1805,2296,2507,2011,1907,2555,2201,806,1852,3704,3139,3031,1073,458,308,3568,2660,2677,1162,753,391,13,3568,689,1211,1351,1339,1684,1230,1169,1448,2396,983,2803,1852,3549,2454,1707,259,2401,963,636,365,3568,3147,2290,983
73,3289701,3176909,830504,44481,39062,35341,37623,36487,38243,36773,37986,39286,40735,40377,37969,39852,46675,228273,51341,2346405,3204475,165629,173123,108971,113581,155737,70166,2417268,1149157,45215,29721,27463,31896,32695,31105,29550,32186,31215,65296,93830,139423,122485,98307,135006,203764,96974,1149157,623317,433650,167513,16578,4055,1521,525840,249103,220127,34541,17025,5044,2011,525840,10612,29628,54251,61211,60840,48900,37001,53307,148226,21864,725200,1149157,437805,159928,67184,2252,185512,28862,14518,2934,525840,276728,144384,21864,"San Diego County, California",,2138,4568,1816,1808,1537,1525,1526,1755,1541,1467,1657,1487,1727,1399,1331,1629,4186,2222,4740,1792,5966,5770,5286,6113,6052,4188,13181,2527,1882,1467,1360,1862,1761,1746,1153,1694,1540,2413,2489,3097,2892,2316,2924,3792,993,2527,4719,4084,3410,1127,459,275,4478,3794,3333,1740,1048,696,13,4478,1010,1490,2190,2178,2048,2037,1539,1982,3691,1145,2959,2527,3892,3147,2299,458,3150,1416,1098,477,4478,4186,3623,1145
75,851036,827945,153429,12135,5892,5772,5960,6062,6199,5861,6211,5421,5867,5967,5787,6229,6133,43474,20459,674516,837888,45072,42777,24434,23327,25835,12314,664129,360842,15289,16107,8641,8962,8378,6624,5743,6639,6271,13245,17230,30958,25687,23430,41515,126123,136689,360842,139117,94267,38987,3714,1612,537,221725,112119,91420,5884,8724,3578,2316,221725,19368,30707,32477,29484,22388,16099,10108,14094,38401,8599,1348700,360842,88993,30142,14792,484,50124,7219,4535,857,221725,75042,37016,8599,"San Francisco County, California",,724,2397,708,618,631,524,624,645,575,645,584,555,559,516,525,595,1566,1364,2273,593,2812,2250,2161,2192,2034,1527,4525,2015,1090,1301,872,716,894,696,587,707,578,908,1118,1341,1369,1200,1622,2332,1954,2015,2380,2204,1306,429,264,185,2954,2672,2269,693,773,495,33,2954,1214,1571,1422,1425,1346,1120,913,1109,1545,684,20887,2015,2010,1213,948,151,1667,773,688,222,2954,2348,1531,684
77,779445,750880,217081,10772,10316,11072,10889,11311,12662,11833,12258,11752,14015,11898,12101,11894,13791,42720,7797,533799,763754,43129,55223,32130,36114,46632,25868,524658,237423,10640,6672,6658,7797,8226,8115,7602,7074,7167,15753,21247,32983,25215,19783,25912,26579,82837,237423,142391,89645,44606,6068,1496,576,95032,41324,41582,8441,2983,702,1542,95032,2913,6820,10337,12091,10153,9453,6537,8762,22463,5503,462000,237423,99882,33034,14109,383,42509,5985,3110,591,95032,44940,21997,5503,"San Joaquin County, California",,1009,2467,1025,817,1013,893,891,1069,974,887,855,963,787,683,772,849,1764,781,2422,1115,2863,3416,2695,3021,3406,2676,4998,1003,716,592,509,617,725,724,761,599,625,946,1201,1539,1311,1089,1470,1158,1448,1003,1994,1930,1530,666,356,176,1789,1709,1541,748,484,160,24,1789,443,699,776,900,754,973,631,698,1030,592,3586,1003,1913,1364,976,164,1267,644,519,198,1789,1750,1022,592
79,281712,274711,76895,3491,2565,2395,2360,3006,2239,2941,2678,2694,3271,3548,2647,2858,3778,34109,2315,197816,268028,18414,15314,7459,7574,11977,5124,202166,108099,4749,3186,3361,2659,3771,3013,3206,3430,3131,6448,9293,12838,12152,8802,12578,15482,90158,108099,67031,51695,13858,1106,190,182,41068,23195,15451,1560,694,168,1800,41068,1041,2350,4508,4473,4411,3847,2794,4031,11181,2432,726700,108099,42654,15599,7009,242,24377,3707,2002,277,41068,21108,11096,2432,"San Luis Obispo County, California",,512,1207,562,357,403,383,445,341,404,363,395,466,464,371,368,518,1088,422,1204,347,1421,1613,1224,1114,1809,801,2552,885,500,468,542,406,541,450,429,475,373,608,897,845,860,705,863,850,2311,885,1228,1179,879,310,101,118,1404,1102,997,323,214,113,28,1404,340,346,695,662,517,626,460,594,815,414,11365,885,1349,885,730,133,1082,525,319,114,1404,1015,807,414
81,754250,730369,173782,12007,9372,7433,8599,8105,7744,7990,8427,7807,8883,8018,8459,9610,9711,39998,11619,556587,748410,24826,23311,14284,15039,22774,10055,638121,264323,6930,4464,3847,4358,4460,4367,4576,5192,4793,9458,14827,22659,22317,19988,33955,98132,149907,264323,157368,107221,45198,3448,1056,445,106955,45943,46595,7229,5342,1846,2805,106955,4706,9566,13873,13546,11295,7970,5522,9822,26396,4259,1441300,264323,107054,35886,16453,427,50314,6887,3563,745,106955,48160,25616,4259,"San Mateo County, California",,618,1999,694,733,580,632,742,675,616,719,711,701,652,590,686,715,1636,931,1987,467,1853,1948,1802,1961,2673,1805,4543,1022,609,583,494,570,524,493,648,646,582,785,1089,988,1064,973,1419,1864,2621,1022,1717,1780,1601,392,261,169,1640,1749,1588,703,753,410,33,1640,481,799,951,924,755,722,617,814,1328,527,14165,1022,1721,1499,984,168,1232,621,423,189,1640,1458,1355,527
83,445213,429602,134281,5902,5510,5293,4826,4854,5775,5932,5069,5985,5019,5537,5400,5908,5411,50492,7368,295321,425067,30313,27200,18598,19812,25131,11834,292179,148032,6762,4297,3812,3775,3889,3507,4814,4862,5088,7528,12796,18418,14235,12412,15246,26591,92332,148032,78168,54331,19921,2733,610,573,69864,30284,28281,6557,3522,1220,1964,69864,1852,4044,7309,8309,7260,6462,5195,6874,19113,3446,714800,148032,50129,17465,7466,147,28039,4535,2511,411,69864,36279,18486,3446,"Santa Barbara County, California",,879,1641,626,547,498,445,470,573,620,530,595,498,586,390,445,584,1764,873,1592,551,2322,2359,2437,2418,2117,1876,4334,766,662,548,473,396,533,500,596,606,590,653,941,1167,812,870,775,1118,1889,766,1092,1092,1000,380,183,168,1200,1278,1234,656,475,259,31,1200,346,543,660,782,612,626,563,646,1006,532,13337,766,1183,957,700,84,1057,526,359,153,1200,1232,991,532
85,1916831,1857799,493690,30491,21928,21500,22084,21596,23048,23145,21032,23938,23421,24364,24513,24441,26863,122015,39311,1364109,1886562,67081,62753,37658,39363,59863,28397,1591447,650352,17972,12232,9448,11884,11051,10735,10209,10875,10586,22352,33989,56066,53555,47474,84887,247037,153792,650352,361551,236147,113176,9036,2388,804,288801,116952,133392,21915,12856,3686,2719,288801,14733,31095,39425,38575,30617,24263,18581,22828,58096,10588,1316800,650352,246058,75240,31476,937,115493,15794,8662,1189,288801,118410,56699,10588,"Santa Clara County, California",,1222,3280,1311,1126,1139,1106,958,1146,1109,1087,1026,1185,1157,892,911,1086,2562,1848,3074,756,3237,3869,2686,2786,4108,2821,7626,1811,1020,1004,802,828,818,774,833,726,831,1154,1467,1891,1621,1717,2396,3120,1545,1811,3251,2769,2255,589,369,180,3089,2552,2356,1231,854,438,19,3089,938,1480,1633,1797,1430,1434,1068,1218,1896,770,12304,1811,2610,2207,1332,205,2339,972,641,248,3089,2693,1919,770
87,268571,261144,76164,2730,2444,2781,2707,3294,2342,3091,3473,2178,3058,3042,3105,3139,3921,29617,5242,184980,257415,15250,14052,7794,9042,14285,5465,191527,96487,3752,2715,2506,2664,2382,2556,2362,2703,2310,4623,6464,11440,9460,6793,12162,21595,104409,96487,57852,40828,15153,1493,232,146,38635,17667,16282,2513,1430,743,2094,38635,1695,2550,4300,4006,4661,3008,2243,3181,10733,2258,951300,96487,37818,13675,6046,191,20034,3554,1981,158,38635,18498,10527,2258,"Santa Cruz County, California",,420,1455,423,372,365,444,461,393,430,494,342,489,466,352,412,497,1374,665,1444,423,1593,1727,1268,1302,1961,956,3073,790,544,463,543,449,424,410,481,554,424,538,643,798,779,629,845,936,3173,790,1120,1052,835,250,111,82,1176,1011,939,414,357,246,62,1176,402,413,705,596,553,436,424,411,991,403,18150,790,1092,891,619,107,994,529,421,100,1176,1014,989,403
89,181852,175685,41167,2241,2177,1902,1845,2930,1880,2159,1925,1935,2613,2431,2293,2504,1805,9080,1447,134518,178820,11684,12069,7889,7033,12621,4841,122683,71107,3725,3053,2648,3280,2911,2780,2696,2559,2676,5325,6758,9621,6996,4771,5612,5696,68347,71107,46257,34793,10410,853,159,42,24850,15117,8542,797,317,77,1232,24850,971,2146,2762,3196,2584,2113,1388,1898,5978,1814,327500,71107,28422,9359,4065,88,17835,3216,1493,148,24850,10990,5826,1814,"Shasta County, California",,359,855,320,320,277,291,445,294,324,322,281,457,403,319,415,287,626,389,859,433,1086,1382,1112,870,1614,919,2283,598,512,394,361,426,433,380,413,331,351,570,654,672,523,477,475,497,2480,598,1018,918,727,222,103,40,1037,809,646,197,125,61,33,1037,281,389,413,441,330,355,307,388,617,389,6567,598,993,671,449,67,751,476,234,81,1037,712,600,389
91,2916,2916,658,0,17,16,33,35,18,15,38,125,41,6,40,22,0,252,0,2258,2854,22,337,104,101,117,39,2134,1135,56,31,113,10,48,58,30,44,89,65,148,138,73,53,28,151,61108,1135,940,791,144,5,0,0,195,93,81,21,0,0,1184,195,5,0,21,0,52,26,0,16,10,65,289400,1135,548,215,174,4,392,57,28,0,195,52,10,65,"Sierra County, California",206,206,197,13,18,23,40,60,18,23,25,65,54,12,30,22,13,161,13,184,206,21,181,75,90,133,41,298,127,47,34,70,15,44,65,26,40,90,43,76,97,57,40,24,84,9237,127,122,108,73,11,13,13,110,66,86,33,13,13,277,110,9,13,33,13,55,31,13,19,18,86,42079,127,130,94,92,7,106,47,28,13,110,42,18,86
93,44049,42890,9449,380,585,258,439,490,529,522,747,643,549,483,558,300,746,1884,336,33441,43698,3114,4175,2471,1974,3122,1559,27283,18768,1357,1014,989,943,1030,976,731,883,916,1580,1872,2132,1485,1064,1016,780,53898,18768,12744,9872,2572,212,75,13,6024,3856,1799,247,69,53,984,6024,279,665,395,639,487,472,294,665,1536,592,260200,18768,5907,1987,790,26,6837,999,479,121,6024,2823,1521,592,"Siskiyou County, California",,145,326,82,184,89,127,108,119,144,199,173,154,157,129,104,180,246,125,312,50,492,624,370,430,512,358,1055,383,257,168,209,178,164,242,147,166,177,293,293,277,243,208,175,188,2640,383,443,422,302,86,32,15,345,331,218,109,52,27,38,345,103,155,99,134,134,156,96,179,233,148,9163,383,406,232,149,25,423,185,119,62,345,268,230,148
95,450995,436059,108269,5438,5307,5354,5674,5249,5436,4959,5321,5963,5621,5501,5265,5163,7305,25652,5061,327790,441378,19667,20038,12480,13157,18959,11830,345247,154987,5964,3358,3203,3041,3780,4004,3485,4666,5036,8403,12463,22263,18479,14275,18692,23875,97037,154987,97692,69923,25363,1613,539,254,57295,30041,21572,3610,1637,435,1981,57295,1118,3423,5913,7150,6931,5608,4096,5283,14786,2987,549100,154987,71276,23326,8796,290,26416,3184,1926,396,57295,28645,14159,2987,"Solano County, California",,604,1501,597,643,577,635,567,612,506,595,621,585,518,405,454,663,1236,604,1534,358,1782,2075,1648,2166,2037,2251,4301,685,641,470,410,382,566,545,508,545,670,761,808,1189,1107,960,970,1008,1724,685,1196,1124,1076,231,177,103,1287,1347,1174,477,311,188,35,1287,237,440,587,676,741,599,574,552,964,563,6555,685,1236,957,621,117,914,437,382,190,1287,1125,938,563
97,488436,475363,109119,5572,6076,4954,4610,5321,5378,4928,5160,5778,5335,5476,5714,6186,7267,26866,4498,366244,481716,24078,18847,12878,13336,19656,9954,382967,189653,6982,4582,3644,4678,4636,5048,5372,5013,5943,10020,15673,23819,20217,16037,25074,32915,99266,189653,116921,87492,26836,1786,581,226,72732,38744,27427,4509,1500,552,2029,72732,2134,4788,7921,8233,8411,7163,5027,6835,18407,3813,748500,189653,77093,28072,11870,232,39828,6564,3032,619,72732,36103,17626,3813,"Sonoma County, California",,633,1568,574,687,554,595,608,515,568,611,603,566,631,445,511,657,1373,444,1530,407,2095,1735,1498,1631,1776,1295,3422,981,634,595,457,627,535,568,706,646,599,736,1072,1196,916,967,1238,1187,1988,981,1322,1486,1178,325,163,134,1478,1179,1314,632,307,274,37,1478,334,681,874,793,745,853,642,627,1197,505,7033,981,1632,1252,826,124,1368,614,428,210,1478,1339,1170,505
99,552063,531032,152746,6609,7513,7481,8493,7782,8332,8626,8360,8482,9180,8597,8680,8641,9461,32556,3953,378286,547303,33443,41682,27175,27162,39700,16635,361506,175747,7427,6183,5941,6009,6492,6660,6494,6145,6482,12615,17572,24117,18550,13923,15012,16125,74872,175747,106359,68674,32169,4320,816,380,69388,32098,29492,5482,1637,679,1433,69388,1808,5576,8568,7493,7335,5121,4523,6318,18004,4642,393300,175747,70378,23147,9842,304,35981,5312,2159,621,69388,32893,17648,4642,"Stanislaus County, California",,791,2043,654,715,647,700,689,859,753,738,702,787,819,757,750,658,1399,553,2112,493,2228,2996,3047,2607,3078,1998,5661,767,691,831,669,536,716,598,714,717,682,830,1066,1151,993,1017,1150,946,1371,767,1646,1555,1322,596,247,120,1560,1422,1385,571,402,273,20,1560,364,669,742,772,555,568,506,725,1061,545,4202,767,1620,1223,882,100,1331,606,350,207,1560,1303,1009,545
101,99101,95422,26824,1402,1900,1282,1201,1146,1565,1151,1522,1442,1394,1542,1795,1619,1565,5533,765,68598,98113,5527,7538,5115,4999,6514,3178,65242,33041,1287,1285,909,1167,1192,1145,1289,1395,1186,2672,3457,4101,3641,2340,2672,3303,72654,33041,19680,13502,5265,611,181,121,13361,6726,5400,833,344,58,1289,13361,766,992,1330,1656,1378,1289,887,1529,2600,934,375400,33041,12693,4044,1475,62,6987,1056,444,52,13361,5949,2563,934,"Sutter County, California",,301,679,318,469,254,213,235,314,288,302,366,272,287,256,261,270,546,168,702,191,916,1153,1109,1052,1254,863,2254,315,258,277,246,262,263,264,284,254,222,402,445,434,440,382,335,405,3425,315,640,590,423,189,94,71,688,489,556,264,161,44,44,688,241,271,303,305,285,278,218,278,331,200,7950,315,646,476,280,41,488,215,154,40,688,548,331,200
103,65484,63375,15561,1023,978,923,653,872,727,783,671,956,1034,1181,932,743,982,2604,499,47814,64796,4778,5705,3581,4064,4529,2384,39755,24623,1442,1488,868,1065,1292,1374,733,829,1281,2086,2355,3256,2146,1436,1452,1520,59029,24623,16520,12172,3715,369,166,98,8103,4486,3146,392,60,19,1119,8103,115,713,863,1158,865,439,508,724,1809,909,290400,24623,9775,3422,1320,78,6745,1146,691,89,8103,3410,1800,909,"Tehama County, California",,334,697,372,218,221,222,237,167,199,181,223,254,297,202,189,228,492,223,661,179,970,1070,927,985,945,854,1927,412,328,278,273,262,302,323,220,200,314,341,434,464,395,330,336,362,4103,412,628,570,517,142,128,75,541,537,458,173,69,29,54,541,90,260,245,374,252,164,239,207,377,267,9876,412,735,456,229,69,547,232,166,76,541,457,379,267
105,15889,15508,2439,54,326,97,129,187,91,169,107,253,18,148,61,172,207,403,17,13069,15717,1947,1510,896,998,1249,226,8891,5483,544,209,274,429,292,380,187,357,209,461,380,575,385,133,291,377,47317,5483,3883,3257,472,133,21,0,1600,1139,345,116,0,0,928,1600,86,293,127,252,84,74,85,154,198,247,326200,5483,1527,613,300,15,2356,312,179,66,1600,467,198,247,"Trinity County, California",,126,186,54,96,87,78,107,98,105,51,100,22,96,98,98,111,149,27,221,34,589,455,366,514,437,108,825,208,179,103,160,170,146,139,111,184,101,153,156,210,149,91,116,148,5890,208,322,329,140,104,24,21,317,254,168,92,21,21,84,317,56,168,95,100,60,74,63,106,129,101,19880,208,256,214,138,24,298,161,113,53,317,209,129,101
107,473446,453109,142266,5691,8306,7900,7180,8649,7926,8121,9915,7962,7508,8434,7724,8688,8864,25993,3405,310843,467719,37638,48753,31275,29579,39411,15726,265337,140670,7690,5425,5197,5537,6393,6112,6381,5312,6870,10810,15379,18493,12939,8780,10237,9115,64474,140670,82078,47453,29546,3816,952,311,58592,22870,27248,6510,1374,590,1137,58592,2355,5387,6665,6581,6004,4474,3381,5589,13911,4245,280900,140670,54992,17765,6800,373,27086,3598,1922,344,58592,26492,13445,4245,"Tulare County, California",,1033,1889,833,790,802,704,824,700,765,857,726,835,755,561,605,802,1576,540,2092,603,3216,4150,3167,3610,4063,2569,6390,865,722,550,651,597,749,633,759,684,934,895,1197,1247,968,726,884,743,1489,865,1745,1465,1515,520,252,157,1716,1280,1516,706,338,203,17,1716,372,709,947,779,659,623,505,760,1065,566,4043,865,1599,1210,664,127,1016,456,333,175,1716,1193,1070,566
109,54993,53547,10187,725,608,460,518,471,759,421,424,376,445,736,561,287,891,2177,328,43360,51779,2288,3599,1881,1504,2694,1579,38234,22831,644,1341,1112,653,732,840,809,960,971,1925,1951,2976,2450,1774,1791,1902,70432,22831,16991,13471,3336,172,12,0,5840,3634,1907,190,82,27,1129,5840,282,471,571,592,301,521,307,670,1638,487,377700,22831,10089,4176,1342,8,6902,1627,619,115,5840,2994,1506,487,"Tuolumne County, California",,207,439,204,164,188,167,173,240,137,165,150,138,180,169,150,258,316,128,473,263,431,646,502,372,740,517,1362,587,165,308,298,205,259,218,283,246,244,394,375,474,424,286,345,366,4691,587,627,563,403,92,22,31,529,448,390,120,79,27,69,529,151,183,166,214,136,240,137,251,372,147,10106,587,624,497,285,12,535,311,179,75,529,457,349,147
111,842009,816692,212822,10553,11115,9091,9393,10455,9700,10557,10413,11251,11315,12053,11357,10774,13922,52124,8749,603870,830237,35473,38842,24784,30721,45084,16961,638372,275653,9387,5733,5396,5832,6969,7090,7953,7339,8146,15344,20405,35335,29896,24259,34424,52145,102141,275653,176575,125090,45280,4868,853,484,99078,47678,39653,7030,3544,1173,2140,99078,2190,5584,9286,10376,10228,9858,7022,11154,27435,5945,719100,275653,123698,44829,19007,569,52877,6972,3672,626,99078,53171,26770,5945,"Ventura County, California",,900,1935,693,917,804,667,610,731,803,854,704,828,858,769,675,805,1488,742,1975,746,2586,2854,2053,3278,3362,2016,5694,1072,799,558,602,617,654,629,791,696,708,1023,1153,1488,1287,1240,1424,1417,1528,1072,1768,1760,1316,426,184,146,1846,1783,1578,672,445,256,25,1846,345,612,751,694,722,770,809,839,1270,673,6044,1072,1792,1563,1026,175,1558,599,497,161,1846,1725,1273,673
113,217141,210377,78043,2704,2691,2409,2233,2304,2986,2100,2896,2043,2731,3102,2149,2804,2906,34656,7329,132334,209629,22192,14329,7489,7755,9935,4155,143774,76107,5164,3061,1985,2231,2896,2221,1855,1615,2310,4622,6242,9208,7142,5737,7923,11895,85097,76107,39712,27885,10777,889,94,67,36395,17398,15175,2306,1278,238,1655,36395,969,2261,3534,3931,4335,2698,2143,3008,11115,2401,555200,76107,26740,7438,2701,91,12972,1629,899,86,36395,18365,10888,2401,"Yolo County, California",,439,1320,335,391,396,311,353,529,365,364,381,488,420,364,310,422,1011,835,1273,272,1728,1584,970,1151,1430,908,2633,513,556,377,388,382,522,334,349,286,419,501,557,697,565,450,570,647,2333,513,803,784,703,232,72,51,805,1021,996,450,314,124,34,805,215,337,478,567,461,405,406,449,686,368,10463,513,833,596,373,80,726,298,220,46,805,831,682,368
115,81705,78085,22461,1340,1432,953,1266,1141,1596,847,1326,871,1619,961,1044,1525,858,4990,692,55624,80299,5685,6690,3583,4499,5617,2471,51754,27567,1335,1253,954,1497,1030,1067,986,1051,970,2309,2870,3618,3275,1542,1971,1839,66693,27567,16928,10922,5419,513,70,4,10639,5296,4339,625,263,116,1137,10639,300,633,1228,1385,1037,1308,562,1025,2262,899,350600,27567,11570,4170,1662,39,5358,730,392,104,10639,4975,2177,899,"Yuba County, California",,296,670,335,331,256,261,242,310,255,320,233,280,257,295,235,207,533,222,634,182,925,1064,728,975,1107,639,1590,375,270,287,217,348,252,234,247,267,234,337,411,494,468,292,302,311,2796,375,674,622,548,146,59,6,693,644,547,181,122,92,48,693,120,248,318,316,289,346,196,251,330,292,10633,375,564,430,316,38,506,230,172,111,693,518,333,292